"Date","Overall AQI Value","Main Pollutant","Site Name (of Overall AQI)","Site ID (of Overall AQI)","Source (of Overall AQI)","CO","Ozone","PM10","PM25","NO2"
"01/01/2018","84","PM2.5","Chico-East Avenue","06-007-0008","AQS","9","30","32","84","20"
"01/02/2018","85","PM2.5","Chico-East Avenue","06-007-0008","AQS","14","28","33","85","18"
"01/03/2018","103","PM2.5","TRAFFIC, RURAL PAVED ROAD","06-007-4001","AQS","9","31","38","103","14"
"01/04/2018","78","PM2.5","Chico-East Avenue","06-007-0008","AQS","5","34","24","78","16"
"01/05/2018","59","PM2.5","Chico-East Avenue","06-007-0008","AQS","5","32","15","59","6"
"01/06/2018","59","PM2.5","Chico-East Avenue","06-007-0008","AQS","7","33","16","59","20"
"01/07/2018","70","PM2.5","Chico-East Avenue","06-007-0008","AQS","8","27","21","70","14"
"01/08/2018","54","PM2.5","Chico-East Avenue","06-007-0008","AQS","7","34","12","54","16"
"01/09/2018","39","Ozone","Paradise - Airport","06-007-0007","AQS","3","39","4","27","8"
"01/10/2018","38","PM2.5","Chico-East Avenue","06-007-0008","AQS","5","32","11","38","12"
"01/11/2018","52","PM2.5","Chico-East Avenue","06-007-0008","AQS","7","28","16","52","12"
"01/12/2018","54","PM2.5","Chico-East Avenue","06-007-0008","AQS","5","32","17","54","10"
"01/13/2018","72","PM2.5","Chico-East Avenue","06-007-0008","AQS","7","25","24","72","15"
"01/14/2018","73","PM2.5","Chico-East Avenue","06-007-0008","AQS","11","26","22","73","8"
"01/15/2018","55","PM2.5","Chico-East Avenue","06-007-0008","AQS","5","29","16","55","10"
"01/16/2018","65","PM2.5","Chico-East Avenue","06-007-0008","AQS","8","31","21","65","16"
"01/17/2018","67","PM2.5","Chico-East Avenue","06-007-0008","AQS","10","20","22","67","."
"01/18/2018","67","PM2.5","Chico-East Avenue","06-007-0008","AQS","3","35","21","67","10"
"01/19/2018","38","Ozone","Paradise - Airport","06-007-0007","AQS","5","38","15","35","12"
"01/20/2018","43","PM2.5","Chico-East Avenue","06-007-0008","AQS","6","37","16","43","18"
"01/21/2018","52","PM2.5","Chico-East Avenue","06-007-0008","AQS","9","40","17","52","16"
"01/22/2018","39","Ozone","Paradise - Airport","06-007-0007","AQS","5","39","9","34","9"
"01/23/2018","48","PM2.5","Chico-East Avenue","06-007-0008","AQS","7","31","18","48","17"
"01/24/2018","58","PM2.5","TRAFFIC, RURAL PAVED ROAD","06-007-4001","AQS","6","39","16","58","8"
"01/25/2018","38","Ozone","Paradise - Airport","06-007-0007","AQS","2","38","9","24","6"
"01/26/2018","50","PM2.5","TRAFFIC, RURAL PAVED ROAD","06-007-4001","AQS","5","34","16","50","18"
"01/27/2018","53","PM2.5","TRAFFIC, RURAL PAVED ROAD","06-007-4001","AQS","6","34","13","53","10"
"01/28/2018","51","PM2.5","Chico-East Avenue","06-007-0008","AQS","6","34","17","51","17"
"01/29/2018","65","PM2.5","TRAFFIC, RURAL PAVED ROAD","06-007-4001","AQS","7","30","25","65","15"
"01/30/2018","66","PM2.5","TRAFFIC, RURAL PAVED ROAD","06-007-4001","AQS","8","41","30","66","19"
"01/31/2018","64","PM2.5","TRAFFIC, RURAL PAVED ROAD","06-007-4001","AQS","8","41","28","64","18"
"02/01/2018","70","PM2.5","TRAFFIC, RURAL PAVED ROAD","06-007-4001","AQS","9","35","25","70","22"
"02/02/2018","67","PM2.5","TRAFFIC, RURAL PAVED ROAD","06-007-4001","AQS","6","42","17","67","18"
"02/03/2018","41","Ozone","Paradise - Airport","06-007-0007","AQS","2","41","11","40","13"
"02/04/2018","81","PM2.5","TRAFFIC, RURAL PAVED ROAD","06-007-4001","AQS","6","39","20","81","23"
"02/05/2018","62","PM2.5","TRAFFIC, RURAL PAVED ROAD","06-007-4001","AQS","6","42","18","62","19"
"02/06/2018","45","Ozone","Paradise - Airport","06-007-0007","AQS","2","45","19","28","14"
"02/07/2018","43","PM2.5","TRAFFIC, RURAL PAVED ROAD","06-007-4001","AQS","6","43","26","43","26"
"02/08/2018","63","PM2.5","TRAFFIC, RURAL PAVED ROAD","06-007-4001","AQS","7","40","22","63","25"
"02/09/2018","66","PM2.5","TRAFFIC, RURAL PAVED ROAD","06-007-4001","AQS","7","31","29","66","21"
"02/10/2018","52","PM2.5","TRAFFIC, RURAL PAVED ROAD","06-007-4001","AQS","5","46","30","52","17"
"02/11/2018","46","PM2.5","TRAFFIC, RURAL PAVED ROAD","06-007-4001","AQS","5","44","22","46","22"
"02/12/2018","39","Ozone","Paradise - Airport","06-007-0007","AQS","6","39","19","35","9"
"02/13/2018","45","PM2.5","TRAFFIC, RURAL PAVED ROAD","06-007-4001","AQS","5","37","21","45","22"
"02/14/2018","54","PM2.5","TRAFFIC, RURAL PAVED ROAD","06-007-4001","AQS","7","42","24","54","18"
"02/15/2018","53","PM2.5","TRAFFIC, RURAL PAVED ROAD","06-007-4001","AQS","3","42","24","53","18"
"02/16/2018","62","PM2.5","TRAFFIC, RURAL PAVED ROAD","06-007-4001","AQS","7","45","28","62","22"
"02/17/2018","66","PM2.5","TRAFFIC, RURAL PAVED ROAD","06-007-4001","AQS","6","47","26","66","18"
"02/18/2018","47","PM2.5","TRAFFIC, RURAL PAVED ROAD","06-007-4001","AQS","3","42","14","47","8"
"02/19/2018","40","Ozone","Paradise - Airport","06-007-0007","AQS","5","40","15","36","16"
"02/20/2018","51","PM2.5","TRAFFIC, RURAL PAVED ROAD","06-007-4001","AQS","5","37","17","51","25"
"02/21/2018","54","PM2.5","TRAFFIC, RURAL PAVED ROAD","06-007-4001","AQS","5","43","20","54","17"
"02/22/2018","53","PM2.5","TRAFFIC, RURAL PAVED ROAD","06-007-4001","AQS","6","39","18","53","15"
"02/23/2018","45","PM2.5","Paradise - Theater","06-007-2002","AQS","5","40","14","45","22"
"02/24/2018","54","PM2.5","Chico-East Avenue","06-007-0008","AQS","9","40","22","54","24"
"02/25/2018","43","Ozone","Paradise - Airport","06-007-0007","AQS","5","43","16","38","17"
"02/26/2018","44","Ozone","Paradise - Airport","06-007-0007","AQS","2","44","9","25","10"
"02/27/2018","44","Ozone","Paradise - Airport","06-007-0007","AQS","3","44","11","17","23"
"02/28/2018","43","PM2.5","TRAFFIC, RURAL PAVED ROAD","06-007-4001","AQS","5","42","15","43","27"
"03/01/2018","41","Ozone","Paradise - Airport","06-007-0007","AQS","2","41","7","26","4"
"03/02/2018","43","Ozone","Paradise - Airport","06-007-0007","AQS","2","43","6","14","7"
"03/03/2018","42","Ozone","Paradise - Airport","06-007-0007","AQS","2","42","7","20","8"
"03/04/2018","39","Ozone","Paradise - Airport","06-007-0007","AQS","3","39","8","34","15"
"03/05/2018","44","Ozone","Paradise - Airport","06-007-0007","AQS","5","44",".","40","19"
"03/06/2018","54","PM2.5","Chico-East Avenue","06-007-0008","AQS","7","45",".","54","20"
"03/07/2018","54","PM2.5","TRAFFIC, RURAL PAVED ROAD","06-007-4001","AQS","3","50",".","54","19"
"03/08/2018","39","Ozone","Paradise - Airport","06-007-0007","AQS","2","39",".","25","9"
"03/09/2018","40","PM2.5","TRAFFIC, RURAL PAVED ROAD","06-007-4001","AQS","3","38",".","40","16"
"03/10/2018","53","PM2.5","TRAFFIC, RURAL PAVED ROAD","06-007-4001","AQS","3","35","10","53","14"
"03/11/2018","43","PM2.5","TRAFFIC, RURAL PAVED ROAD","06-007-4001","AQS","3","39","6","43","11"
"03/12/2018","45","Ozone","Paradise - Airport","06-007-0007","AQS","3","45","10","43","10"
"03/13/2018","42","Ozone","Paradise - Airport","06-007-0007","AQS","2","42","1","19","5"
"03/14/2018","43","Ozone","Paradise - Airport","06-007-0007","AQS","3","43","5","27","10"
"03/15/2018","40","Ozone","Paradise - Airport","06-007-0007","AQS","3","40","5","21","10"
"03/16/2018","40","Ozone","Paradise - Airport","06-007-0007","AQS","2","40","4","20","5"
"03/17/2018","42","Ozone","Paradise - Airport","06-007-0007","AQS","2","42","5","34","7"
"03/18/2018","38","Ozone","Paradise - Airport","06-007-0007","AQS","3","38","6","31","12"
"03/19/2018","41","Ozone","Paradise - Airport","06-007-0007","AQS","3","41","6","33","15"
"03/20/2018","44","Ozone","Paradise - Airport","06-007-0007","AQS","3","44","8","38","13"
"03/21/2018","43","Ozone","Paradise - Airport","06-007-0007","AQS","2","43","1","26","6"
"03/22/2018","42","Ozone","Paradise - Airport","06-007-0007","AQS","2","42","1","16","3"
"03/23/2018","44","Ozone","Paradise - Airport","06-007-0007","AQS","2","44","6","24","4"
"03/24/2018","44","Ozone","Paradise - Airport","06-007-0007","AQS","2","44","5","21","3"
"03/25/2018","42","Ozone","Paradise - Airport","06-007-0007","AQS","2","42","5","26","7"
"03/26/2018","44","Ozone","Paradise - Airport","06-007-0007","AQS","3","44","7","27","15"
"03/27/2018","44","Ozone","Paradise - Airport","06-007-0007","AQS","2","44","7","21","19"
"03/28/2018","44","Ozone","Paradise - Airport","06-007-0007","AQS","3","44","11","25","16"
"03/29/2018","44","Ozone","Paradise - Airport","06-007-0007","AQS","2","44","15","25","12"
"03/30/2018","50","Ozone","Paradise - Airport","06-007-0007","AQS","3","50","13","36","16"
"03/31/2018","61","Ozone","Paradise - Airport","06-007-0007","AQS","3","61","15","48","10"
"04/01/2018","46","Ozone","Paradise - Airport","06-007-0007","AQS","2","46","8","41","8"
"04/02/2018","48","Ozone","Paradise - Airport","06-007-0007","AQS","2","48","16","33","8"
"04/03/2018","42","Ozone","Chico-East Avenue","06-007-0008","AQS","3","42","17","35","22"
"04/04/2018","47","PM2.5","TRAFFIC, RURAL PAVED ROAD","06-007-4001","AQS","3","46","28","47","14"
"04/05/2018","40","PM2.5","Chico-East Avenue","06-007-0008","AQS","2","32","16","40","10"
"04/06/2018","41","Ozone","Paradise - Airport","06-007-0007","AQS","2","41","0","18","5"
"04/07/2018","36","Ozone","Chico-East Avenue","06-007-0008","AQS","2","36","6","25","3"
"04/08/2018","41","Ozone","Paradise - Airport","06-007-0007","AQS","2","41","9","30","6"
"04/09/2018","39","Ozone","Paradise - Airport","06-007-0007","AQS","2","39","9","31","6"
"04/10/2018","44","Ozone","Paradise - Airport","06-007-0007","AQS","2","44","12","38","8"
"04/11/2018","46","Ozone","Paradise - Airport","06-007-0007","AQS","2","46","8","24","7"
"04/12/2018","47","Ozone","Paradise - Airport","06-007-0007","AQS","2","47","3","22","12"
"04/13/2018","39","Ozone","Paradise - Airport","06-007-0007","AQS","2","39","5","20","10"
"04/14/2018","43","Ozone","Paradise - Airport","06-007-0007","AQS","3","43","6","25","8"
"04/15/2018","45","Ozone","Paradise - Airport","06-007-0007","AQS","2","45","8","27","4"
"04/16/2018","43","Ozone","Paradise - Airport","06-007-0007","AQS","3","43","5","25","11"
"04/17/2018","42","Ozone","Paradise - Airport","06-007-0007","AQS","3","42","5","25","10"
"04/18/2018","46","Ozone","Paradise - Airport","06-007-0007","AQS","2","46","6","27","13"
"04/19/2018","43","Ozone","Paradise - Airport","06-007-0007","AQS","2","43","7","30","11"
"04/20/2018","46","Ozone","Paradise - Airport","06-007-0007","AQS","2","46","9","28","14"
"04/21/2018","45","Ozone","Paradise - Airport","06-007-0007","AQS","2","45","8","35","9"
"04/22/2018","47","Ozone","Paradise - Airport","06-007-0007","AQS","2","47","11","35","6"
"04/23/2018","49","Ozone","Paradise - Airport","06-007-0007","AQS","2","49","17","44","7"
"04/24/2018","77","Ozone","Paradise - Airport","06-007-0007","AQS","3","77","20","54","16"
"04/25/2018","87","Ozone","Paradise - Airport","06-007-0007","AQS","2","87","23","52","15"
"04/26/2018","64","Ozone","Paradise - Airport","06-007-0007","AQS","2","64","31","55","7"
"04/27/2018","45","Ozone","Paradise - Airport","06-007-0007","AQS","2","45","21","43","7"
"04/28/2018","46","Ozone","Paradise - Airport","06-007-0007","AQS","2","46","13","33","3"
"04/29/2018","44","Ozone","Paradise - Airport","06-007-0007","AQS","2","44","6","30","5"
"04/30/2018","39","Ozone","Paradise - Airport","06-007-0007","AQS","2","39","8","35","10"
"05/01/2018","44","Ozone","Paradise - Airport","06-007-0007","AQS","2","44","10","39","8"
"05/02/2018","54","PM2.5","Chico-East Avenue","06-007-0008","AQS","2","46","15","54","10"
"05/03/2018","59","PM2.5","Chico-East Avenue","06-007-0008","AQS","2","50","33","59","7"
"05/04/2018","50","Ozone","Paradise - Airport","06-007-0007","AQS","2","50","21","46","8"
"05/05/2018","58","Ozone","Paradise - Airport","06-007-0007","AQS","2","58","27","43","8"
"05/06/2018","64","Ozone","Paradise - Airport","06-007-0007","AQS","2","64","28","34","7"
"05/07/2018","71","Ozone","Paradise - Airport","06-007-0007","AQS","2","71","22","34","15"
"05/08/2018","77","Ozone","Paradise - Airport","06-007-0007","AQS","2","77","39","44","9"
"05/09/2018","48","Ozone","Paradise - Airport","06-007-0007","AQS","2","48","25","29","8"
"05/10/2018","67","Ozone","Paradise - Airport","06-007-0007","AQS","2","67","18","34","9"
"05/11/2018","53","PM10","Chico-East Avenue","06-007-0008","AQS","2","51","53","41","2"
"05/12/2018","43","Ozone","Paradise - Airport","06-007-0007","AQS","2","43","9","29","8"
"05/13/2018","45","PM2.5","TRAFFIC, RURAL PAVED ROAD","06-007-4001","AQS","2","45","26","45","3"
"05/14/2018","48","Ozone","Paradise - Airport","06-007-0007","AQS","2","48","31","38","5"
"05/15/2018","46","Ozone","Paradise - Airport","06-007-0007","AQS","2","46","24","33","4"
"05/16/2018","40","Ozone","Paradise - Airport","06-007-0007","AQS","2","40","16","28","4"
"05/17/2018","48","Ozone","Paradise - Airport","06-007-0007","AQS","2","48","19","40","8"
"05/18/2018","61","Ozone","Paradise - Airport","06-007-0007","AQS","2","61","24","48","8"
"05/19/2018","46","Ozone","Paradise - Airport","06-007-0007","AQS","2","46","24","44","5"
"05/20/2018","50","PM2.5","Chico-East Avenue","06-007-0008","AQS","2","44","19","50","7"
"05/21/2018","51","Ozone","Paradise - Airport","06-007-0007","AQS","2","51","24","49","6"
"05/22/2018","54","Ozone","Paradise - Airport","06-007-0007","AQS","2","54","28","53","8"
"05/23/2018","49","Ozone","Paradise - Airport","06-007-0007","AQS","2","49","19","41","5"
"05/24/2018","48","Ozone","Paradise - Airport","06-007-0007","AQS","2","48","20","35","6"
"05/25/2018","31","Ozone","Paradise - Airport","06-007-0007","AQS","2","31","4","25","5"
"05/26/2018","35","Ozone","Paradise - Airport","06-007-0007","AQS","2","35","5","32","6"
"05/27/2018","45","Ozone","Paradise - Airport","06-007-0007","AQS","2","45","6","32","8"
"05/28/2018","40","Ozone","Paradise - Airport","06-007-0007","AQS","2","40","6","28","12"
"05/29/2018","50","Ozone","Paradise - Airport","06-007-0007","AQS","2","50","13","41","11"
"05/30/2018","56","PM2.5","TRAFFIC, RURAL PAVED ROAD","06-007-4001","AQS","2","54","35","56","5"
"05/31/2018","44","PM2.5","TRAFFIC, RURAL PAVED ROAD","06-007-4001","AQS","2","42","21","44","8"
"06/01/2018","43","Ozone","Paradise - Airport","06-007-0007","AQS","2","43","16","37","15"
"06/02/2018","71","Ozone","Paradise - Airport","06-007-0007","AQS","2","71","14","42","9"
"06/03/2018","80","Ozone","Paradise - Airport","06-007-0007","AQS","2","80","14","49","8"
"06/04/2018","74","Ozone","Paradise - Airport","06-007-0007","AQS","2","74","17","48","8"
"06/05/2018","74","Ozone","Paradise - Airport","06-007-0007","AQS","2","74","17","51","8"
"06/06/2018","87","Ozone","Paradise - Airport","06-007-0007","AQS","2","87","19","54","8"
"06/07/2018","54","Ozone","Paradise - Airport","06-007-0007","AQS","2","54","14","47","6"
"06/08/2018","74","Ozone","Paradise - Airport","06-007-0007","AQS","2","74","17","53","8"
"06/09/2018","39","Ozone","Paradise - Airport","06-007-0007","AQS","2","39","11","30","2"
"06/10/2018","43","Ozone","Paradise - Airport","06-007-0007","AQS","1","43","2","25","5"
"06/11/2018","45","Ozone","Paradise - Airport","06-007-0007","AQS","2","45","6","30","12"
"06/12/2018","58","Ozone","Paradise - Airport","06-007-0007","AQS","2","58","10","38","11"
"06/13/2018","67","Ozone","Paradise - Airport","06-007-0007","AQS","2","67","14","50","13"
"06/14/2018","93","Ozone","Paradise - Airport","06-007-0007","AQS","2","93","16","46","7"
"06/15/2018","67","Ozone","Paradise - Airport","06-007-0007","AQS","2","67","23","55","7"
"06/16/2018","67","Ozone","Paradise - Airport","06-007-0007","AQS","2","67","26","52","5"
"06/17/2018","48","Ozone","Paradise - Airport","06-007-0007","AQS","1","48","15","47","4"
"06/18/2018","58","Ozone","Paradise - Airport","06-007-0007","AQS","2","58","14","47","8"
"06/19/2018","54","Ozone","Paradise - Airport","06-007-0007","AQS","2","54","13","44","8"
"06/20/2018","84","Ozone","Paradise - Airport","06-007-0007","AQS","2","84","17","45","6"
"06/21/2018","90","Ozone","Paradise - Airport","06-007-0007","AQS","2","90","18","36","8"
"06/22/2018","84","Ozone","Paradise - Airport","06-007-0007","AQS","2","84","14","43","18"
"06/23/2018","77","Ozone","Paradise - Airport","06-007-0007","AQS","2","77","16","41","7"
"06/24/2018","87","Ozone","Paradise - Airport","06-007-0007","AQS","2","87","18","42","4"
"06/25/2018","64","Ozone","Paradise - Airport","06-007-0007","AQS","2","64","25","51","5"
"06/26/2018","126","Ozone","Paradise - Airport","06-007-0007","AQS","2","126","25","54","8"
"06/27/2018","97","Ozone","Paradise - Airport","06-007-0007","AQS","2","97","31","54","8"
"06/28/2018","74","Ozone","Paradise - Airport","06-007-0007","AQS","2","74","31","56","8"
"06/29/2018","49","Ozone","Paradise - Airport","06-007-0007","AQS","2","49","26","35","5"
"06/30/2018","49","Ozone","Paradise - Airport","06-007-0007","AQS","1","49","19","37","8"
"07/01/2018","54","Ozone","Paradise - Airport","06-007-0007","AQS","2","54","15","47","6"
"07/02/2018","77","Ozone","Paradise - Airport","06-007-0007","AQS","2","77","27","60","6"
"07/03/2018","100","Ozone","Paradise - Airport","06-007-0007","AQS","3","100","24","69","9"
"07/04/2018","69","PM2.5","Chico-East Avenue","06-007-0008","AQS","3","50","27","69","4"
"07/05/2018","93","Ozone","Paradise - Airport","06-007-0007","AQS","2","93","14","59","5"
"07/06/2018","53","PM2.5","TRAFFIC, RURAL PAVED ROAD","06-007-4001","AQS","2","50","18","53","8"
"07/07/2018","48","Ozone","Paradise - Airport","06-007-0007","AQS","2","48","6","36","10"
"07/08/2018","80","Ozone","Paradise - Airport","06-007-0007","AQS","2","80","8","46","7"
"07/09/2018","74","Ozone","Paradise - Airport","06-007-0007","AQS","2","74","17","52","8"
"07/10/2018","54","Ozone","Paradise - Airport","06-007-0007","AQS","2","54","11","43","9"
"07/11/2018","71","Ozone","Paradise - Airport","06-007-0007","AQS","2","71","14","36","9"
"07/12/2018","87","Ozone","Paradise - Airport","06-007-0007","AQS","2","87","19","43","13"
"07/13/2018","67","PM2.5","Chico-East Avenue","06-007-0008","AQS","6","51","28","67","21"
"07/14/2018","60","PM2.5","Chico-East Avenue","06-007-0008","AQS","6","46","19","60","10"
"07/15/2018","58","Ozone","Paradise - Airport","06-007-0007","AQS","2","58","12","46","5"
"07/16/2018","58","Ozone","Paradise - Airport","06-007-0007","AQS","2","58","19","51","8"
"07/17/2018","71","Ozone","Paradise - Airport","06-007-0007","AQS","2","71","18","43","8"
"07/18/2018","100","Ozone","Paradise - Airport","06-007-0007","AQS","2","100","21","49","10"
"07/19/2018","100","Ozone","Paradise - Airport","06-007-0007","AQS","2","100","22","55","14"
"07/20/2018","87","Ozone","Paradise - Airport","06-007-0007","AQS","2","87","21","46","8"
"07/21/2018","49","Ozone","Paradise - Airport","06-007-0007","AQS","2","49","19","45","5"
"07/22/2018","49","Ozone","Paradise - Airport","06-007-0007","AQS","2","49","15","44","4"
"07/23/2018","57","PM2.5","TRAFFIC, RURAL PAVED ROAD","06-007-4001","AQS","2","50","22","57","6"
"07/24/2018","54","Ozone","Paradise - Airport","06-007-0007","AQS","2","54","24","52","9"
"07/25/2018","80","Ozone","Paradise - Airport","06-007-0007","AQS","2","80","29","56","14"
"07/26/2018","115","Ozone","Paradise - Airport","06-007-0007","AQS","3","115","39","72","15"
"07/27/2018","133","Ozone","Paradise - Airport","06-007-0007","AQS","5","133","39","80","13"
"07/28/2018","139","PM2.5","Paradise - Theater","06-007-2002","AQS","5","129","48","139","10"
"07/29/2018","118","PM2.5","Chico-East Avenue","06-007-0008","AQS","6","108","47","118","10"
"07/30/2018","157","PM2.5","Paradise - Theater","06-007-2002","AQS","6","112","54","157","18"
"07/31/2018","151","Ozone","Paradise - Airport","06-007-0007","AQS","6","151","56","138","17"
"08/01/2018","182","Ozone","Paradise - Airport","06-007-0007","AQS","6","182","58","144","11"
"08/02/2018","136","Ozone","Paradise - Airport","06-007-0007","AQS","6","136","48","97","13"
"08/03/2018","109","PM2.5","Chico-East Avenue","06-007-0008","AQS","6","101","54","109","15"
"08/04/2018","158","PM2.5","Chico-East Avenue","06-007-0008","AQS","9","87","69","158","15"
"08/05/2018","124","PM2.5","Chico-East Avenue","06-007-0008","AQS","9","48","52","124","10"
"08/06/2018","147","PM2.5","TRAFFIC, RURAL PAVED ROAD","06-007-4001","AQS","7","80","57","147","19"
"08/07/2018","152","PM2.5","Chico-East Avenue","06-007-0008","AQS","7","126","63","152","25"
"08/08/2018","146","PM2.5","Paradise - Theater","06-007-2002","AQS","7","119","63","146","18"
"08/09/2018","156","Ozone","Paradise - Airport","06-007-0007","AQS","7","156","64","153","26"
"08/10/2018","147","Ozone","Paradise - Airport","06-007-0007","AQS","7","147","55","125","18"
"08/11/2018","104","PM2.5","Chico-East Avenue","06-007-0008","AQS","6","97","51","104","8"
"08/12/2018","61","Ozone","Paradise - Airport","06-007-0007","AQS","3","61","27","59","8"
"08/13/2018","81","PM2.5","TRAFFIC, RURAL PAVED ROAD","06-007-4001","AQS","3","80","41","81","12"
"08/14/2018","87","Ozone","Paradise - Airport","06-007-0007","AQS","3","87","30","54","8"
"08/15/2018","93","Ozone","Paradise - Airport","06-007-0007","AQS","3","93","31","64","8"
"08/16/2018","67","PM2.5","TRAFFIC, RURAL PAVED ROAD","06-007-4001","AQS","3","64","30","67","12"
"08/17/2018","71","Ozone","Paradise - Airport","06-007-0007","AQS","3","71","32","59","17"
"08/18/2018","48","PM2.5","TRAFFIC, RURAL PAVED ROAD","06-007-4001","AQS","3","44","19","48","13"
"08/19/2018","97","PM2.5","Paradise - Theater","06-007-2002","AQS","3","67","23","97","11"
"08/20/2018","87","Ozone","Paradise - Airport","06-007-0007","AQS","3","87","39","76","16"
"08/21/2018","87","Ozone","Paradise - Airport","06-007-0007","AQS","3","87","46","77","10"
"08/22/2018","84","Ozone","Paradise - Airport","06-007-0007","AQS","5","84","38","70","12"
"08/23/2018","101","Ozone","Paradise - Airport","06-007-0007","AQS","5","101","42","81","10"
"08/24/2018","104","PM2.5","Chico-East Avenue","06-007-0008","AQS","6","101","52","104","13"
"08/25/2018","140","Ozone","Paradise - Airport","06-007-0007","AQS","6","140","49","108","13"
"08/26/2018","105","Ozone","Paradise - Airport","06-007-0007","AQS","6","105","43","91","8"
"08/27/2018","65","PM2.5","TRAFFIC, RURAL PAVED ROAD","06-007-4001","AQS","3",".","38","65","13"
"08/28/2018","61","PM2.5","Chico-East Avenue","06-007-0008","AQS","3","54",".","61","."
"08/29/2018","58","Ozone","Paradise - Airport","06-007-0007","AQS","2","58",".","50","8"
"08/30/2018","61","Ozone","Paradise - Airport","06-007-0007","AQS","3","61",".","55","11"
"08/31/2018","67","Ozone","Paradise - Airport","06-007-0007","AQS","3","67",".","54","14"
"09/01/2018","84","Ozone","Paradise - Airport","06-007-0007","AQS","3","84","45","62","8"
"09/02/2018","93","Ozone","Paradise - Airport","06-007-0007","AQS","3","93","37","69","11"
"09/03/2018","80","Ozone","Paradise - Airport","06-007-0007","AQS","3","80","47","76","10"
"09/04/2018","100","Ozone","Paradise - Airport","06-007-0007","AQS","3","100","52","78","9"
"09/05/2018","67","Ozone","Paradise - Airport","06-007-0007","AQS","3","67","44","66","20"
"09/06/2018","69","PM2.5","Chico-East Avenue","06-007-0008","AQS","3","64","44","69","11"
"09/07/2018","54","PM2.5","Chico-East Avenue","06-007-0008","AQS","3","48","34","54","21"
"09/08/2018","55","PM2.5","TRAFFIC, RURAL PAVED ROAD","06-007-4001","AQS","2","51","30","55","11"
"09/09/2018","58","PM2.5","Chico-East Avenue","06-007-0008","AQS","2","48","30","58","12"
"09/10/2018","89","PM2.5","TRAFFIC, RURAL PAVED ROAD","06-007-4001","AQS","6","80","53","89","14"
"09/11/2018","84","Ozone","Paradise - Airport","06-007-0007","AQS","5","84","52","81","20"
"09/12/2018","60","PM2.5","Chico-East Avenue","06-007-0008","AQS","2","47","39","60","."
"09/13/2018","46","PM2.5","Chico-East Avenue","06-007-0008","AQS","2","44","26","46","11"
"09/14/2018","47","Ozone","Paradise - Airport","06-007-0007","AQS","3","47","31","45","23"
"09/15/2018","46","Ozone","Paradise - Airport","06-007-0007","AQS","3","46","28","37","8"
"09/16/2018","46","Ozone","Paradise - Airport","06-007-0007","AQS","2","46","13","30","8"
"09/17/2018","58","Ozone","Paradise - Airport","06-007-0007","AQS","3","58","32","38","18"
"09/18/2018","67","Ozone","Paradise - Airport","06-007-0007","AQS","2","67","31","42","16"
"09/19/2018","61","Ozone","Paradise - Airport","06-007-0007","AQS","3","61","36","53","26"
"09/20/2018","61","Ozone","Paradise - Airport","06-007-0007","AQS","5","61","42","45","15"
"09/21/2018","122","Ozone","Paradise - Airport","06-007-0007","AQS","3","122","42","52","16"
"09/22/2018","93","Ozone","Paradise - Airport","06-007-0007","AQS","3","93","36","60","9"
"09/23/2018","67","Ozone","Paradise - Airport","06-007-0007","AQS","2","67","20","40","10"
"09/24/2018","55","PM2.5","TRAFFIC, RURAL PAVED ROAD","06-007-4001","AQS","3","49","36","55","27"
"09/25/2018","51","Ozone","Paradise - Airport","06-007-0007","AQS","3","51","42","34","18"
"09/26/2018","61","Ozone","Paradise - Airport","06-007-0007","AQS","5","61","49","45","23"
"09/27/2018","55","PM2.5","Chico-East Avenue","06-007-0008","AQS","5","44","52","55","24"
"09/28/2018","112","Ozone","Paradise - Airport","06-007-0007","AQS","3","112","55","54","21"
"09/29/2018","46","PM2.5","Chico-East Avenue","06-007-0008","AQS","2","41","27","46","4"
"09/30/2018","40","Ozone","Paradise - Airport","06-007-0007","AQS","2","40","14","30","8"
"10/01/2018","52","PM2.5","Chico-East Avenue","06-007-0008","AQS","3","43","35","52","16"
"10/02/2018","46","PM2.5","Chico-East Avenue","06-007-0008","AQS","2","37","11","46","20"
"10/03/2018","42","Ozone","Paradise - Airport","06-007-0007","AQS","3","42","14","38","16"
"10/04/2018","28","Ozone","Paradise - Airport","06-007-0007","AQS","2","28","6","27","."
"10/05/2018","38","PM2.5","Chico-East Avenue","06-007-0008","AQS","2","36","9","38","13"
"10/06/2018","35","Ozone","Paradise - Airport","06-007-0007","AQS","1","35","7","20","7"
"10/07/2018","65","PM2.5","TRAFFIC, RURAL PAVED ROAD","06-007-4001","AQS","2","40","9","65","8"
"10/08/2018","36","Ozone","Paradise - Airport","06-007-0007","AQS","2","36","11","29","16"
"10/09/2018","50","Ozone","Paradise - Airport","06-007-0007","AQS","3","50","24","39","14"
"10/10/2018","67","PM2.5","Chico-East Avenue","06-007-0008","AQS","5","45","36","67","20"
"10/11/2018","52","PM2.5","Chico-East Avenue","06-007-0008","AQS","5","37","22","52","16"
"10/12/2018","42","Ozone","Paradise - Airport","06-007-0007","AQS","3","42","28","28","26"
"10/13/2018","43","Ozone","Paradise - Airport","06-007-0007","AQS","3","43","23","34","22"
"10/14/2018","42","Ozone","Paradise - Airport","06-007-0007","AQS","3","42","17","26","15"
"10/15/2018","42","Ozone","Paradise - Airport","06-007-0007","AQS","3","42","25","28","25"
"10/16/2018","44","Ozone","Paradise - Airport","06-007-0007","AQS","3","44","27","34","23"
"10/17/2018","61","Ozone","Paradise - Airport","06-007-0007","AQS","3","61","39","47","30"
"10/18/2018","80","Ozone","Paradise - Airport","06-007-0007","AQS","6","80","49","55","25"
"10/19/2018","56","PM2.5","TRAFFIC, RURAL PAVED ROAD","06-007-4001","AQS","5","49","48","56","31"
"10/20/2018","105","Ozone","Paradise - Airport","06-007-0007","AQS","5","105","42","55","23"
"10/21/2018","74","Ozone","Paradise - Airport","06-007-0007","AQS","5","74","32","55","20"
"10/22/2018","69","PM2.5","TRAFFIC, RURAL PAVED ROAD","06-007-4001","AQS","5","58","35","69","31"
"10/23/2018","58","PM2.5","TRAFFIC, RURAL PAVED ROAD","06-007-4001","AQS","5","50","44","58","32"
"10/24/2018","66","PM2.5","TRAFFIC, RURAL PAVED ROAD","06-007-4001","AQS","6","64","47","66","25"
"10/25/2018","95","PM2.5","TRAFFIC, RURAL PAVED ROAD","06-007-4001","AQS","5","50","41","95","31"
"10/26/2018","92","PM2.5","TRAFFIC, RURAL PAVED ROAD","06-007-4001","AQS","6","80","45","92","31"
"10/27/2018","102","PM2.5","TRAFFIC, RURAL PAVED ROAD","06-007-4001","AQS","6","61","36","102","22"
"10/28/2018","54","PM2.5","Chico-East Avenue","06-007-0008","AQS","6","37","25","54","10"
"10/29/2018","49","PM2.5","TRAFFIC, RURAL PAVED ROAD","06-007-4001","AQS","2","39","27","49","3"
"10/30/2018","58","PM2.5","TRAFFIC, RURAL PAVED ROAD","06-007-4001","AQS","2","39","22","58","13"
"10/31/2018","39","Ozone","Paradise - Airport","06-007-0007","AQS","2","39","31","38","24"
"11/01/2018","59","PM2.5","TRAFFIC, RURAL PAVED ROAD","06-007-4001","AQS","3","36","25","59","22"
"11/02/2018","72","PM2.5","TRAFFIC, RURAL PAVED ROAD","06-007-4001","AQS","5","45","33","72","25"
"11/03/2018","81","PM2.5","TRAFFIC, RURAL PAVED ROAD","06-007-4001","AQS","5","48","17","81","13"
"11/04/2018","54","Ozone","Paradise - Airport","06-007-0007","AQS","3","54","26","51","13"
"11/05/2018","47","Ozone","Paradise - Airport","06-007-0007","AQS","2","47","27","33","3"
"11/06/2018","48","Ozone","Paradise - Airport","06-007-0007","AQS","3","48","25","30","23"
"11/07/2018","46","Ozone","Paradise - Airport","06-007-0007","AQS","3","46","23","30","18"
"11/08/2018","84","PM2.5","TRAFFIC, RURAL PAVED ROAD","06-007-4001","AQS","5","34","38","84","27"
"11/09/2018","330","PM2.5","Chico-East Avenue","06-007-0008","AQS","156","24","188","330","25"
"11/10/2018","296","PM2.5","Chico-East Avenue","06-007-0008","AQS","125","27","161","296","38"
"11/11/2018","151","PM2.5","TRAFFIC, RURAL PAVED ROAD","06-007-4001","AQS","36","31","53","151","25"
"11/12/2018","187","PM2.5","Chico-East Avenue","06-007-0008","AQS","25","14","105","187","33"
"11/13/2018","213","PM2.5","TRAFFIC, RURAL PAVED ROAD","06-007-4001","AQS","24","3","106","213","24"
"11/14/2018","311","PM2.5","TRAFFIC, RURAL PAVED ROAD","06-007-4001","AQS","25","11","140","311","34"
"11/15/2018","356","PM2.5","Chico-East Avenue","06-007-0008","AQS","36","7","192","356","36"
"11/16/2018","445","PM2.5","Chico-East Avenue","06-007-0008","AQS","42","18","336","445","48"
"11/17/2018","274","PM2.5","TRAFFIC, RURAL PAVED ROAD","06-007-4001","AQS","39","16","131","274","39"
"11/18/2018","196","PM2.5","Chico-East Avenue","06-007-0008","AQS","18","26","106","196","35"
"11/19/2018","167","PM2.5","TRAFFIC, RURAL PAVED ROAD","06-007-4001","AQS","16","18","70","167","35"
"11/20/2018","170","PM2.5","Chico-East Avenue","06-007-0008","AQS","16","27","90","170","44"
"11/21/2018","116","PM2.5","Chico-East Avenue","06-007-0008","AQS","16","23","47","116","25"
"11/22/2018","29","PM2.5","TRAFFIC, RURAL PAVED ROAD","06-007-4001","AQS","2","27","8","29","4"
"11/23/2018","25","PM2.5","TRAFFIC, RURAL PAVED ROAD","06-007-4001","AQS","2","25","5","25","3"
"11/24/2018","35","PM2.5","TRAFFIC, RURAL PAVED ROAD","06-007-4001","AQS","5","26","10","35","13"
"11/25/2018","52","PM2.5","TRAFFIC, RURAL PAVED ROAD","06-007-4001","AQS","5","17","15","52","13"
"11/26/2018","74","PM2.5","TRAFFIC, RURAL PAVED ROAD","06-007-4001","AQS","7","9","25","74","21"
"11/27/2018","65","PM2.5","TRAFFIC, RURAL PAVED ROAD","06-007-4001","AQS","8","28","17","65","10"
"11/28/2018","44","PM2.5","TRAFFIC, RURAL PAVED ROAD","06-007-4001","AQS","2","30","11","44","8"
"11/29/2018","30","Ozone","Chico-East Avenue","06-007-0008","AQS","5","30","6","20","21"
"11/30/2018","38","PM2.5","Chico-East Avenue","06-007-0008","AQS","6","22","15","38","20"
"12/01/2018","33","PM2.5","Chico-East Avenue","06-007-0008","AQS","7","29","13","33","22"
"12/02/2018","51","PM2.5","Chico-East Avenue","06-007-0008","AQS","8","23","15","51","23"
"12/03/2018","61","PM2.5","TRAFFIC, RURAL PAVED ROAD","06-007-4001","AQS","6","19","20","61","23"
"12/04/2018","57","PM2.5","Chico-East Avenue","06-007-0008","AQS","7","20","23","57","25"
"12/05/2018","43","PM2.5","TRAFFIC, RURAL PAVED ROAD","06-007-4001","AQS","7","19","14","43","18"
"12/06/2018","45","PM2.5","Chico-East Avenue","06-007-0008","AQS","7","23","17","45","27"
"12/07/2018","59","PM2.5","Chico-East Avenue","06-007-0008","AQS","8","18","22","59","24"
"12/08/2018","68","PM2.5","Chico-East Avenue","06-007-0008","AQS","8","21","27","68","25"
"12/09/2018","78","PM2.5","Chico-East Avenue","06-007-0008","AQS","9","11","28","78","16"
"12/10/2018","43","PM2.5","Chico-East Avenue","06-007-0008","AQS","8","25","15","43","11"
"12/11/2018","60","PM2.5","TRAFFIC, RURAL PAVED ROAD","06-007-4001","AQS","8","15","22","60","20"
"12/12/2018","55","PM2.5","TRAFFIC, RURAL PAVED ROAD","06-007-4001","AQS","3","26","18","55","14"
"12/13/2018","71","PM2.5","TRAFFIC, RURAL PAVED ROAD","06-007-4001","AQS","7","26","29","71","30"
"12/14/2018","77","PM2.5","Chico-East Avenue","06-007-0008","AQS","9","23","28","77","15"
"12/15/2018","47","PM2.5","TRAFFIC, RURAL PAVED ROAD","06-007-4001","AQS","3","20","13","47","13"
"12/16/2018","46","PM2.5","TRAFFIC, RURAL PAVED ROAD","06-007-4001","AQS","3","30","9","46","6"
"12/17/2018","35","PM2.5","Chico-East Avenue","06-007-0008","AQS","7","31","13","35","22"
"12/18/2018","31","PM2.5","TRAFFIC, RURAL PAVED ROAD","06-007-4001","AQS","7","27","13","31","19"
"12/19/2018","35","PM2.5","TRAFFIC, RURAL PAVED ROAD","06-007-4001","AQS","5","21","15","35","16"
"12/20/2018","56","PM2.5","TRAFFIC, RURAL PAVED ROAD","06-007-4001","AQS","5","16","18","56","11"
"12/21/2018","49","PM2.5","TRAFFIC, RURAL PAVED ROAD","06-007-4001","AQS","3","19","8","49","10"
"12/22/2018","37","PM2.5","TRAFFIC, RURAL PAVED ROAD","06-007-4001","AQS","5","9","13","37","14"
"12/23/2018","48","PM2.5","TRAFFIC, RURAL PAVED ROAD","06-007-4001","AQS","5","6","12","48","8"
"12/24/2018","48","PM2.5","TRAFFIC, RURAL PAVED ROAD","06-007-4001","AQS","3","15","9","48","11"
"12/25/2018","25","PM2.5","Chico-East Avenue","06-007-0008","AQS","5","25","10","25","15"
"12/26/2018","44","PM2.5","Chico-East Avenue","06-007-0008","AQS","7","17","16","44","18"
"12/27/2018","38","PM2.5","Chico-East Avenue","06-007-0008","AQS","6","31","15","38","18"
"12/28/2018","48","PM2.5","Chico-East Avenue","06-007-0008","AQS","7","30","18","48","21"
"12/29/2018","79","PM2.5","Chico-East Avenue","06-007-0008","AQS","10","23","31","79","23"
"12/30/2018","87","PM2.5","Chico-East Avenue","06-007-0008","AQS","9","23","31","87","25"
"12/31/2018","38","PM2.5","Chico-East Avenue","06-007-0008","AQS","8","31","15","38","23"
